<?xml version="1.0" encoding="UTF-8"?>
<project-private xmlns="http://www.netbeans.org/ns/project-private/1">
    <editor-bookmarks xmlns="http://www.netbeans.org/ns/editor-bookmarks/2" lastBookmarkId="0"/>
    <open-files xmlns="http://www.netbeans.org/ns/projectui-open-files/2">
        <group>
            <file>file:/C:/Users/sirik/Downloads/Visitor/src/visitor/Visitable.java</file>
            <file>file:/C:/Users/sirik/Downloads/Visitor/src/visitor/VisitorFactory.java</file>
            <file>file:/C:/Users/sirik/Downloads/Visitor/src/visitor/Customer.java</file>
            <file>file:/C:/Users/sirik/Downloads/Visitor/src/visitor/Visitor.java</file>
            <file>file:/C:/Users/sirik/Downloads/Visitor/src/visitor/DrinkFactory.java</file>
            <file>file:/C:/Users/sirik/Downloads/Visitor/src/visitor/Milktea.java</file>
            <file>file:/C:/Users/sirik/Downloads/Visitor/src/visitor/Milk.java</file>
            <file>file:/C:/Users/sirik/Downloads/Visitor/src/visitor/MainClient.java</file>
            <file>file:/C:/Users/sirik/Downloads/Visitor/src/visitor/Bubble.java</file>
        </group>
    </open-files>
</project-private>
